City,Lat,Lng,Max Temp,Humidity,Cloudiness,Wind Speed,Country,Date
Mataura,-46.19,168.86,53.01,88,100,11.99,NZ,1604115127
Rikitea,-23.12,-134.97,76.1,64,0,2.66,PF,1604115799
Cabo San Lucas,22.89,-109.91,75.2,69,20,3.36,MX,1604115184
Ekibastuz,51.67,75.37,38.12,78,100,4.25,KZ,1604115259
Tocopilla,-22.09,-70.2,62.29,59,2,3.91,CL,1604115259
Moussoro,13.64,16.49,79.63,19,0,13.31,TD,1604115260
Bethel,41.37,-73.41,30.99,92,1,4.14,US,1604115260
Atambua,-9.11,124.89,89.24,43,1,2.84,ID,1604115260
Atuona,-9.8,-139.03,77.72,76,64,11.43,PF,1604115260
Chifeng,42.27,118.96,54.01,33,0,19.08,CN,1604115261
Saint Paul Harbor,57.79,-152.41,35.6,55,90,9.17,US,1604115188
Busselton,-33.65,115.33,69.17,64,100,10.92,AU,1604115802
Puerto Ayora,-0.74,-90.35,70.0,91,87,5.01,EC,1604115203
Novy Urengoy,66.08,76.63,33.37,95,100,15.66,RU,1604115262
Albany,42.6,-73.97,30.99,99,54,3.38,US,1604115607
Huangnihe,43.56,128.02,50.38,45,100,10.98,CN,1604115262
Avarua,-21.21,-159.78,75.2,78,93,9.17,CK,1604115804
High Rock,26.62,-78.28,78.67,85,38,16.33,BS,1604115263
Vaini,-21.2,-175.2,77.0,78,40,12.75,TO,1604115804
Severo-Kuril'sk,50.68,156.12,40.3,92,100,38.45,RU,1604115804
Bredasdorp,-34.53,20.04,50.0,76,20,2.8,ZA,1604115804
Zhigansk,66.77,123.37,-8.27,88,97,1.05,RU,1604115465
Sittwe,20.15,92.9,80.22,80,81,6.29,MM,1604115805
Curaçá,-8.99,-39.91,77.97,69,97,17.87,BR,1604115805
Barrow,71.29,-156.79,10.4,85,1,12.75,US,1604115127
Vao,-22.67,167.48,74.53,86,34,14.65,NC,1604115551
Kichera,55.94,110.1,25.41,86,100,2.3,RU,1604115805
Naze,28.37,129.48,78.8,57,75,24.16,JP,1604115806
Tobol,52.68,62.58,35.8,83,90,8.41,KZ,1604115806
Margate,51.38,1.39,57.0,80,13,3.0,GB,1604115806
Pemba,-12.97,40.52,77.9,76,30,2.62,MZ,1604115806
Arraial do Cabo,-22.97,-42.03,71.24,81,100,19.39,BR,1604115453
Bluff,-46.6,168.33,53.01,88,100,11.99,NZ,1604115462
Ushuaia,-54.8,-68.3,48.2,81,75,16.11,AR,1604115517
Macusani,-14.08,-70.43,39.11,83,89,4.74,PE,1604115807
Bijie,27.31,105.29,54.12,85,100,3.51,CN,1604115807
Road Town,18.42,-64.62,82.99,86,95,14.0,VG,1604115807
Esperance,-33.87,121.9,86.0,22,0,19.46,AU,1604115491
Leningradskiy,69.38,178.42,18.07,93,62,15.08,RU,1604115211
Vila Franca do Campo,37.72,-25.43,69.8,94,75,17.22,PT,1604115808
Tual,-5.67,132.75,84.04,69,3,11.3,ID,1604115554
Dingle,11.0,122.67,85.71,73,100,10.89,PH,1604115213
Hermanus,-34.42,19.23,45.0,93,0,11.83,ZA,1604115809
Galle,6.04,80.22,83.05,72,93,8.81,LK,1604115809
Tuatapere,-46.13,167.68,53.01,88,100,11.99,NZ,1604115516
Cape Town,-33.93,18.42,55.99,62,0,20.8,ZA,1604115728
Tiksi,71.69,128.87,7.18,95,100,3.58,RU,1604115809
Aklavik,68.22,-135.01,3.2,84,99,3.36,CA,1604115488
Sept-Îles,50.2,-66.38,19.4,79,20,5.82,CA,1604115628
Yellowknife,62.46,-114.35,14.0,85,75,9.17,CA,1604115763
La Palma,33.85,-118.05,68.0,45,1,3.0,US,1604115810
Mana,5.66,-53.78,79.61,87,3,10.83,GF,1604115531
Lebu,-37.62,-73.65,51.26,90,3,12.26,CL,1604115464
East London,-33.02,27.91,57.2,93,75,5.82,ZA,1604115466
Evensk,61.95,159.23,24.64,90,2,3.91,RU,1604115810
Sabha,27.04,14.43,56.68,65,21,9.6,LY,1604115521
Los Llanos de Aridane,28.66,-17.92,71.6,56,0,9.17,ES,1604115542
Saskylakh,71.92,114.08,-1.86,83,2,5.53,RU,1604115811
Punta Arenas,-53.15,-70.92,46.4,81,75,12.75,CL,1604115811
Bathsheba,13.22,-59.52,82.4,83,75,20.8,BB,1604115475
Whitehorse,60.72,-135.05,17.6,85,90,11.41,CA,1604115519
Ponta do Sol,32.67,-17.1,68.0,72,20,10.29,PT,1604115494
Te Anau,-45.42,167.72,57.96,80,90,4.12,NZ,1604115459
Makakilo City,21.35,-158.09,82.4,69,90,12.75,US,1604115812
San Mateo del Mar,16.2,-95.0,77.29,58,91,33.58,MX,1604115812
Qaanaaq,77.48,-69.36,14.04,90,94,6.08,GL,1604115812
Ternate,0.8,127.4,84.96,72,59,11.63,ID,1604115812
Vágur,61.47,-6.81,48.65,75,60,19.69,FO,1604115812
Longhua,23.61,114.19,81.64,50,22,4.09,CN,1604115813
The Valley,18.22,-63.06,82.4,74,40,11.41,AI,1604115519
Port-Gentil,-0.72,8.78,78.98,87,100,11.79,GA,1604115530
Bereda,43.27,-7.54,57.99,88,69,8.99,ES,1604115813
San Juan,-31.54,-68.54,64.72,30,0,10.74,AR,1604115814
Mareeba,-17.0,145.43,93.0,58,2,11.41,AU,1604115814
Mahébourg,-20.41,57.7,69.8,56,20,14.99,MU,1604115484
Panguna,-6.32,155.48,75.31,94,92,1.97,PG,1604115568
Vera Cruz,-12.63,-41.03,69.3,89,94,4.41,BR,1604115814
Clyde River,70.47,-68.59,12.2,92,90,3.36,CA,1604115518
Savannah Bight,16.45,-85.85,82.87,75,100,10.87,HN,1604115815
Cidreira,-30.18,-50.21,63.18,69,81,8.75,BR,1604115478
Arlit,18.74,7.39,73.0,21,0,11.88,NE,1604115815
Jamestown,42.1,-79.24,35.01,93,90,8.05,US,1604115604
Roshchino,60.25,29.61,44.01,85,96,3.98,RU,1604115815
Hong Kong,22.29,114.16,75.99,63,36,3.0,HK,1604115323
Foumban,5.73,10.9,63.09,87,32,2.01,CM,1604115816
Skellefteå,64.75,20.95,24.8,100,0,3.36,SE,1604115816
Mpanda,-6.37,31.04,70.18,58,74,4.88,TZ,1604115816
Faanui,-16.48,-151.75,79.07,74,4,16.24,PF,1604115216
Jizan,17.33,42.67,80.6,78,0,4.7,SA,1604115817
Agüimes,27.91,-15.45,77.0,47,0,2.24,ES,1604115817
Boende,-0.22,20.87,67.39,96,76,1.12,CD,1604115817
Torbay,47.67,-52.73,34.0,64,90,12.75,CA,1604115486
Sola,-13.88,167.55,86.0,79,75,5.82,VU,1604115817
Huarmey,-10.07,-78.15,62.46,85,100,5.86,PE,1604115817
Muros,42.78,-9.06,61.0,91,99,11.01,ES,1604115817
Reriutaba,-4.14,-40.58,75.96,69,60,3.94,BR,1604115818
Souillac,-20.52,57.52,69.8,56,20,14.99,MU,1604115452
Nikolskoye,59.7,30.79,45.0,93,90,4.47,RU,1604115818
Carnarvon,-24.87,113.63,78.8,57,90,14.99,AU,1604115482
Letterkenny,54.95,-7.73,55.8,92,100,16.87,IE,1604115818
Shagonar,51.53,92.8,35.46,78,100,5.21,RU,1604115818
Barabai,-2.58,115.38,92.3,56,46,1.9,ID,1604115542
Port Alfred,-33.59,26.89,60.49,65,91,3.53,ZA,1604115819
Sawākin,19.11,37.33,83.1,64,0,1.41,SD,1604115819
Cayenne,4.93,-52.33,78.8,94,0,11.27,GF,1604115476
Camacha,33.08,-16.33,66.2,88,20,3.36,PT,1604115558
Pangnirtung,66.15,-65.71,11.35,79,91,3.67,CA,1604115819
Fukuechō,32.69,128.84,64.4,48,20,8.05,JP,1604115561
Hurghada,27.26,33.81,70.95,85,0,13.02,EG,1604115697
Hithadhoo,-0.6,73.08,83.84,73,100,10.13,MV,1604115820
Port Lincoln,-34.73,135.87,60.82,68,53,13.49,AU,1604115465
Kyren,51.68,102.14,32.29,81,98,3.09,RU,1604115820
Bambous Virieux,-20.34,57.76,71.01,56,20,14.99,MU,1604115820
Kapaa,22.08,-159.32,80.6,65,20,5.53,US,1604115718
Deputatsky,69.3,139.9,1.33,95,100,2.71,RU,1604115820
Hilo,19.73,-155.09,78.8,83,90,8.05,US,1604115681
Westport,41.14,-73.36,34.0,80,1,9.17,US,1604115806
New Norfolk,-42.78,147.06,73.0,36,17,4.0,AU,1604115821
Najrān,17.49,44.13,55.4,37,0,1.45,SA,1604115506
Port Elizabeth,-33.92,25.57,51.8,81,20,5.82,ZA,1604115821
Khatanga,71.97,102.5,-10.07,85,0,5.5,RU,1604115821
Sitka,57.05,-135.33,46.4,87,90,14.99,US,1604115517
Sioux Lookout,50.1,-91.92,30.2,80,75,8.05,CA,1604115386
Lucea,18.45,-78.17,82.4,78,40,5.82,JM,1604115822
Laguna,38.42,-121.42,61.0,58,1,2.93,US,1604115528
Qaqortoq,60.72,-46.03,23.0,79,89,3.36,GL,1604115481
Halifax,44.65,-63.57,36.0,69,100,9.17,CA,1604115714
Castro,-24.79,-50.01,51.46,93,100,9.08,BR,1604115822
Itarema,-2.92,-39.92,77.09,83,13,11.77,BR,1604115822
San Quintín,30.48,-115.95,64.24,73,88,3.89,MX,1604115545
Denpasar,-8.65,115.22,75.92,88,100,2.3,ID,1604115766
Hasaki,35.73,140.83,66.0,48,20,14.99,JP,1604115485
Nantucket,41.28,-70.1,42.01,59,90,13.87,US,1604115555
Upington,-28.45,21.26,68.0,34,0,2.24,ZA,1604115824
Xinan,26.72,119.86,68.23,55,2,4.03,CN,1604115824
Jiexiu,37.02,111.91,55.74,32,0,11.83,CN,1604115824
Longyearbyen,78.22,15.64,17.6,72,20,1.12,SJ,1604115824
Imbituba,-28.24,-48.67,62.6,88,40,9.17,BR,1604115527
Mackay,-21.15,149.2,88.0,55,0,19.46,AU,1604115544
Upernavik,72.79,-56.15,19.49,96,97,2.95,GL,1604115452
Bandarbeyla,9.49,50.81,77.49,80,45,10.83,SO,1604115466
Sibolga,1.74,98.78,86.54,58,49,5.35,ID,1604115825
San Francisco de Ojuera,14.75,-88.19,69.96,86,85,1.28,HN,1604115825
Half Moon Bay,37.46,-122.43,57.99,76,5,3.36,US,1604115809
Atar,20.52,-13.05,81.34,17,77,7.47,MR,1604115825
Saint George,37.1,-113.58,62.6,18,1,2.13,US,1604115826
Pevek,69.7,170.31,19.18,97,100,8.12,RU,1604115826
Kruisfontein,-34.0,24.73,48.99,94,0,3.02,ZA,1604115448
Lower Burrell,40.55,-79.76,37.0,93,15,2.59,US,1604115826
Wanaka,-44.7,169.15,61.34,64,100,6.02,NZ,1604115827
Klaksvík,62.23,-6.59,48.2,87,9,16.11,FO,1604115514
Rocha,-34.48,-54.33,44.2,91,51,1.81,UY,1604115827
Tuntum,-5.26,-44.65,77.92,76,13,4.03,BR,1604115827
Tuktoyaktuk,69.45,-133.04,3.2,84,40,9.17,CA,1604115460
Sinnamary,5.38,-52.95,79.68,87,14,11.03,GF,1604115827
Kolokani,13.57,-8.03,74.19,31,0,4.94,ML,1604115828
Gambiran,-6.8,111.5,88.92,56,73,1.9,ID,1604115828
Vila Velha,-20.33,-40.29,75.2,94,75,5.82,BR,1604115486
Hobart,-42.88,147.33,73.99,45,20,12.75,AU,1604115240
Kaeo,-35.1,173.78,71.01,83,58,10.0,NZ,1604115557
Ahmadpur Sial,30.68,71.75,62.6,82,0,2.59,PK,1604115829
Mar del Plata,-38.0,-57.56,53.01,87,0,4.7,AR,1604115771
Ribeira Grande,38.52,-28.7,68.95,93,100,19.64,PT,1604115484
Tevriz,57.51,72.4,30.45,97,94,7.0,RU,1604115829
Monticello,45.31,-93.79,37.99,74,0,6.93,US,1604115829
Provideniya,64.38,-173.3,21.18,84,18,7.31,RU,1604115491
Puerto Colombia,10.99,-74.95,77.0,94,75,4.7,CO,1604115830
Udachny,66.42,112.4,1.4,84,90,2.24,RU,1604115473
Ust-Tsilma,65.44,52.15,32.56,95,51,7.05,RU,1604115830
Butaritari,3.07,172.79,82.47,77,48,19.91,KI,1604115454
Dvinskoy Bereznik,62.86,42.71,31.87,96,48,5.12,RU,1604115830
Cherskiy,68.75,161.3,6.12,89,97,5.44,RU,1604115831
Miles City,46.41,-105.84,60.8,48,20,25.28,US,1604115831
Tasiilaq,65.61,-37.64,32.0,97,100,35.57,GL,1604115831
Carauari,-4.88,-66.9,74.19,97,100,2.51,BR,1604115831
Talnakh,69.49,88.4,14.0,78,75,29.08,RU,1604115831
Nhulunbuy,-12.23,136.77,91.4,49,0,12.75,AU,1604115832
Laas,46.62,10.7,39.2,80,5,4.7,IT,1604115509
Guayaramerín,-10.84,-65.36,73.18,73,99,4.09,BO,1604115832
Springbok,-29.66,17.89,51.03,47,0,8.43,ZA,1604115832
Bilibino,68.05,166.44,5.14,89,93,1.48,RU,1604115488
Takoradze,4.88,-1.76,77.59,89,23,5.44,GH,1604115833
Hailar,49.2,119.7,32.61,97,100,11.92,CN,1604115463
San Isidro,-12.12,-77.05,64.4,77,90,12.75,PE,1604115833
Spring Hill,28.48,-82.53,59.0,77,1,5.82,US,1604115805
Snizhne,48.03,38.77,48.51,93,93,2.15,UA,1604115834
Fortuna,40.6,-124.16,51.8,93,1,4.7,US,1604115516
Opuwo,-18.06,13.84,65.43,62,6,3.13,NA,1604115484
Kokoda,-8.88,147.74,86.65,49,80,5.01,PG,1604115834
Codrington,-38.27,141.97,56.5,75,92,13.27,AU,1604115377
Honiara,-9.43,159.95,87.8,66,20,6.93,SB,1604115835
Bārmer,25.75,71.38,80.17,16,0,6.49,IN,1604115835
Dunmore East,52.15,-6.99,57.0,94,100,18.99,IE,1604115835
Kamaishi,39.27,141.88,57.2,50,20,2.24,JP,1604115835
Ruska Poliana,49.42,31.92,49.06,90,100,8.75,UA,1604115835
Terrace Bay,48.78,-87.1,35.6,69,0,6.93,CA,1604115835
Touros,-5.2,-35.46,75.2,88,40,3.36,BR,1604115489
Tapalpa,19.95,-103.77,57.0,76,85,1.72,MX,1604115836
Ilulissat,69.22,-51.1,21.2,62,97,1.12,GL,1604115541
Nizwá,22.93,57.53,77.52,17,0,2.42,OM,1604115664
Vostok,46.49,135.88,38.25,87,99,4.14,RU,1604115836
Nanortalik,60.14,-45.24,27.39,92,88,10.78,GL,1604115836
Bereket,39.24,55.52,57.61,32,0,8.72,TM,1604115836
Kibungo,-2.16,30.54,62.6,93,75,3.36,RW,1604115836
Hofn,64.25,-15.21,45.37,84,25,17.43,IS,1604115498
Szentgotthárd,46.95,16.27,48.0,72,95,3.87,HU,1604115837
Lorengau,-2.02,147.27,84.04,71,94,1.12,PG,1604115518
San Policarpo,12.18,125.51,82.58,83,100,13.67,PH,1604115837
Bloemfontein,-29.12,26.21,60.8,82,99,5.82,ZA,1604115837
Ulaanbaatar,47.91,106.88,24.8,58,0,8.95,MN,1604115543
Bethanien,-26.5,17.16,55.72,39,25,3.83,NA,1604115838
Kilindoni,-7.91,39.67,79.2,78,53,9.17,TZ,1604115838
Malé,4.17,73.51,86.0,74,40,4.7,MV,1604115838
Cantanhede,-3.63,-44.38,75.92,85,11,4.9,BR,1604115838
Alice Springs,-23.7,133.88,78.8,16,0,10.29,AU,1604115838
Amarante do Maranhão,-5.57,-46.74,71.58,82,100,1.32,BR,1604115742
Guarda,40.54,-7.27,45.0,73,0,7.0,PT,1604115839
Ukiah,39.15,-123.21,60.8,36,1,2.3,US,1604115551
Port Augusta,-32.5,137.77,64.4,68,90,16.11,AU,1604115839
Coyhaique,-45.58,-72.07,50.0,66,0,5.82,CL,1604115839
Lagoa,39.05,-27.98,68.38,94,100,23.15,PT,1604115470
Kavieng,-2.57,150.8,83.73,70,100,5.28,PG,1604115840
Zamora,-4.07,-78.96,68.34,59,99,5.1,EC,1604115840
São José da Coroa Grande,-8.9,-35.15,76.64,86,100,10.25,BR,1604115840
Palora,-1.7,-77.93,67.77,86,100,2.55,EC,1604115840
Broome,42.25,-75.83,30.2,80,90,1.5,US,1604115207
Lhokseumawe,5.18,97.15,86.56,63,41,4.18,ID,1604115841
Manaure,11.78,-72.44,82.76,77,88,4.68,CO,1604115841
São Filipe,14.9,-24.5,80.29,64,100,15.9,CV,1604115841
Departamento de Maldonado,-34.67,-54.92,51.8,87,0,5.82,UY,1604115841
Abu Samrah,35.3,37.18,59.68,70,98,1.97,SY,1604115842
Rawson,-43.3,-65.1,60.64,38,0,12.71,AR,1604115517
Pokrovskoye,47.42,38.9,53.67,90,85,2.06,RU,1604115842
Isangel,-19.55,169.27,84.2,66,75,6.93,VU,1604115480
Kalikino,52.95,39.83,42.8,100,90,6.71,RU,1604115843
Bourail,-21.57,165.48,85.17,46,16,8.1,NC,1604115843
Kirakira,-10.45,161.92,83.1,70,76,3.42,SB,1604115843
Kristinestad,62.27,21.38,42.21,88,2,5.97,FI,1604115843
Corrente,-3.74,-43.34,73.98,87,18,3.4,BR,1604115843
Dhidhdhoo,6.88,73.1,82.08,69,6,4.34,MV,1604115844
Port Hardy,50.7,-127.42,48.2,100,5,4.7,CA,1604115474
Marawi,8.0,124.29,84.0,75,77,3.0,PH,1604115553
Lompoc,34.64,-120.46,55.4,93,40,5.35,US,1604115823
Ichinoseki,38.92,141.13,57.2,50,20,2.24,JP,1604115844
Portland,45.52,-122.68,52.0,77,32,3.6,US,1604115254
Fairbanks,64.84,-147.72,12.2,85,90,3.36,US,1604115477
Sabang,5.89,95.32,82.36,75,99,10.65,ID,1604115844
Grindavik,63.84,-22.43,41.0,93,75,19.46,IS,1604115845
Cap Malheureux,-19.98,57.61,71.01,51,0,10.0,MU,1604115845
Ronneby,56.21,15.28,42.8,100,95,5.82,SE,1604115296
Lonār,19.98,76.53,76.84,53,1,5.79,IN,1604115845
Gimli,50.63,-96.99,37.4,80,100,23.04,CA,1604115845
Berlevåg,70.86,29.09,31.08,94,46,12.64,NO,1604115846
Norman Wells,65.28,-126.83,10.4,85,75,9.17,CA,1604115461
Zasheyek,67.41,32.55,27.09,97,1,4.32,RU,1604115846
Rambha,19.52,85.1,82.09,49,65,4.99,IN,1604115846
Slavuta,50.3,26.87,38.98,90,47,4.14,UA,1604115846
Virginia Beach,36.85,-75.98,54.0,71,40,11.41,US,1604115017
San Vicente,-26.62,-54.13,58.96,85,74,3.4,AR,1604115483
Caravelas,-17.71,-39.25,75.0,87,63,6.93,BR,1604115847
Shaunavon,49.65,-108.42,42.8,75,34,14.99,CA,1604115833
Mount Gambier,-37.83,140.77,55.4,76,90,16.11,AU,1604115495
Pisco,-13.7,-76.22,64.4,82,90,5.82,PE,1604115847
Osakarovka,50.56,72.57,34.09,85,0,2.82,KZ,1604115847
Viloco,-16.95,-67.55,42.78,86,95,4.21,BO,1604115847
Kununurra,-15.77,128.73,100.4,27,91,5.82,AU,1604115848
Ostuacán,17.42,-93.3,67.15,98,100,2.89,MX,1604115848
Constitución,-35.33,-72.42,56.88,71,0,6.31,CL,1604115457
Maţāy,28.42,30.78,66.42,80,0,17.29,EG,1604115558
Payo,-3.75,103.64,92.55,53,42,2.44,ID,1604115848
Upata,8.01,-62.4,79.0,93,100,1.01,VE,1604115848
Porto Walter,-8.27,-72.74,70.45,98,100,1.54,BR,1604115849
Tharād,24.4,71.63,83.66,18,0,5.82,IN,1604115849
Ayan,56.45,138.17,31.3,87,66,2.51,RU,1604115849
Bima,-8.47,118.72,89.44,56,87,0.65,ID,1604115849
Alexander City,32.94,-85.95,48.2,87,1,6.73,US,1604115849
Karratha,-20.74,116.85,88.16,42,0,13.98,AU,1604115336
Kaitangata,-46.28,169.85,55.99,90,100,10.0,NZ,1604115849
Meridian,43.61,-116.39,55.4,35,20,8.05,US,1604115634
Chokurdakh,70.63,147.92,9.55,96,100,7.18,RU,1604115850
Belmonte,-15.86,-38.88,77.0,83,0,6.93,BR,1604115450
Onega,63.91,38.14,33.19,92,0,5.88,RU,1604115850
Luanda,-8.84,13.23,77.0,88,75,2.24,AO,1604115609
San Patricio,28.02,-97.52,57.0,93,1,5.77,US,1604115850
George Town,5.41,100.34,89.6,66,20,3.36,MY,1604115850
Pokhara,28.23,83.98,83.46,17,69,2.93,NP,1604115851
Riverton,40.52,-111.94,55.99,43,1,8.05,US,1604115611
Middelburg,-25.78,29.46,60.01,74,14,15.61,ZA,1604115851
Tehri,30.38,78.48,68.0,68,20,1.57,IN,1604115851
South Yuba City,39.12,-121.64,59.0,50,1,3.44,US,1604115701
Coracora,-15.03,-73.78,48.54,69,91,0.43,PE,1604115851
Kasongo-Lunda,-6.47,16.82,68.04,94,96,0.72,CD,1604115851
Debre Tabor,11.85,38.02,49.84,78,42,4.79,ET,1604115852
Lüderitz,-26.65,15.16,58.05,63,100,23.4,NA,1604115495
Ormara,25.21,64.64,78.84,25,0,6.04,PK,1604115852
Chui,-33.7,-53.46,53.15,86,99,6.08,UY,1604115499
Chara,56.91,118.26,16.21,86,57,1.28,RU,1604115853
Pontian Kecil,1.48,103.39,88.0,70,20,2.24,MY,1604115853
Fort Nelson,58.81,-122.7,14.0,92,40,3.36,CA,1604115854
Santo Antônio do Leverger,-15.87,-56.08,78.8,69,0,3.36,BR,1604115854
Lac-Mégantic,45.58,-70.88,24.01,83,41,3.0,CA,1604115786
Mehamn,71.04,27.85,29.84,94,30,9.53,NO,1604115854
Outlook,51.5,-107.05,44.6,86,99,21.92,CA,1604115854
Yulara,-25.24,130.99,80.6,11,25,8.05,AU,1604115854
Pineville,31.32,-92.43,50.0,81,1,5.82,US,1604115854
Luwuk,-0.95,122.79,78.66,79,100,6.64,ID,1604115545
Buala,-8.14,159.59,83.73,70,77,2.35,SB,1604115513
Puqi,29.72,113.88,61.93,85,100,0.2,CN,1604115855
Lander,42.83,-108.73,57.2,16,1,8.05,US,1604115855
Matsumoto,36.23,137.97,57.99,53,0,3.36,JP,1604115855
Kungurtug,50.6,97.52,25.88,89,100,9.6,RU,1604115447
Bongandanga,1.5,21.05,69.26,99,98,1.5,CD,1604115855
Naliya,23.27,68.83,82.4,39,1,8.61,IN,1604115855
Rogers,36.37,-95.58,51.01,61,1,4.7,US,1604115856
Mayo,38.89,-76.51,48.99,87,90,4.7,US,1604115311
Eyl,7.98,49.82,80.6,69,94,8.63,SO,1604115538
Nchelenge,-9.35,28.73,70.52,70,35,6.46,ZM,1604115856
Wanning,18.8,110.4,79.09,76,82,14.05,CN,1604115857
Sur,22.57,59.53,79.77,50,0,11.9,OM,1604115461
Beringovskiy,63.05,179.32,22.37,89,73,13.73,RU,1604115857
Lata,40.16,-8.33,61.0,100,0,4.7,PT,1604115490
Sault Ste. Marie,46.52,-84.33,30.2,68,90,5.82,CA,1604115770
Ziyang,29.25,117.85,68.2,54,87,4.16,CN,1604115857
Geraldton,-28.77,114.6,71.6,73,90,14.99,AU,1604115857
Miloslavskoye,53.58,39.44,43.07,88,100,5.99,RU,1604115858
Pacific Grove,36.62,-121.92,57.0,87,1,2.57,US,1604115660
Srednekolymsk,67.45,153.68,6.39,95,100,1.12,RU,1604115531
Thompson,55.74,-97.86,17.6,78,90,6.93,CA,1604115449
Vilyuysk,63.76,121.62,-3.95,88,46,1.9,RU,1604115495
General Roca,-39.03,-67.58,64.4,42,0,2.24,AR,1604115460
Esmeraldas,-19.76,-44.31,69.8,100,75,2.24,BR,1604115539
Mahanje,-9.93,35.33,63.46,73,52,2.82,TZ,1604115859
Khovd,48.01,91.64,33.64,73,6,3.62,MN,1604115859
San Jose,37.34,-121.89,61.0,72,40,4.7,US,1604115525
Srbac,45.1,17.52,44.6,100,53,2.24,BA,1604115859
Pontianak,-0.03,109.33,89.98,57,94,3.49,ID,1604115859
Eureka,40.8,-124.16,50.0,87,1,3.42,US,1604115859
Kloulklubed,7.04,134.26,87.8,70,90,14.99,PW,1604115502
Nouakchott,18.09,-15.98,71.6,78,0,14.99,MR,1604115859
Srandakan,-7.94,110.25,86.61,62,49,7.9,ID,1604115860
Banganapalle,15.32,78.23,81.21,55,0,4.07,IN,1604115860
Coquimbo,-29.95,-71.34,53.6,87,90,3.36,CL,1604115458
Quatre Cocos,-20.21,57.76,71.01,56,20,14.99,MU,1604115469
Presidente Epitácio,-21.76,-52.12,68.16,69,70,8.1,BR,1604115860
Iracoubo,5.48,-53.2,79.74,86,9,10.76,GF,1604115860
Aykhal,66.0,111.5,1.4,84,90,2.24,RU,1604115860
Dikson,73.51,80.55,14.86,96,98,26.84,RU,1604115478
Ghanzi,-21.57,21.78,72.86,25,91,8.32,BW,1604115861
Tsimmerbude,54.67,20.13,46.4,93,75,8.95,RU,1604115861
Thunder Bay,48.4,-89.32,27.0,85,5,3.36,CA,1604115861
Iqaluit,63.75,-68.51,17.6,78,90,8.05,CA,1604115862
Saint-Augustin,51.23,-58.65,26.35,85,0,9.69,CA,1604115536
Bandundu Province,-3.32,17.37,70.9,95,89,0.89,CD,1604115862
Waldheim,51.07,13.02,54.0,96,100,10.65,DE,1604115862
Shubarkuduk,49.14,56.49,42.33,60,54,14.14,KZ,1604115862
Chase,50.82,-119.69,41.0,93,3,3.36,CA,1604115862
Kyaikkami,16.08,97.57,84.16,74,58,8.01,MM,1604115862
Faya,18.39,42.45,55.4,66,0,0.65,SA,1604115862
Hambantota,6.12,81.12,83.95,66,92,4.68,LK,1604115493
Seymchan,62.88,152.43,14.77,92,98,1.88,RU,1604115863
Calabar,4.95,8.32,73.71,96,66,1.03,NG,1604115864
Port Blair,11.67,92.75,83.82,75,78,10.0,IN,1604115865
Dicabisagan,17.08,122.42,79.0,82,97,16.78,PH,1604115865
Sebeta,8.92,38.62,53.35,65,48,0.96,ET,1604115865
Lagos,6.58,3.75,76.12,95,71,2.3,NG,1604115865
Pauini,-7.71,-66.98,74.39,92,97,3.04,BR,1604115865
Pandan,14.05,124.17,81.86,83,100,20.6,PH,1604115866
Flin Flon,54.77,-101.86,21.09,97,100,17.4,CA,1604115866
Oktyabr'skoye,43.06,44.74,39.2,93,98,4.47,RU,1604115866
Yerbogachën,61.28,108.01,11.88,92,100,6.76,RU,1604115452
Lichinga,-13.31,35.24,59.0,93,75,11.41,MZ,1604115866
Ilek,51.53,53.38,43.38,62,100,13.09,RU,1604115866
Kysyl-Syr,63.9,122.76,-3.23,86,30,1.9,RU,1604115540
Callaway,30.15,-85.57,60.8,72,1,9.17,US,1604115866
Bengkulu,-3.8,102.27,83.28,69,90,4.81,ID,1604115508
Port Macquarie,-31.43,152.92,82.99,57,25,1.99,AU,1604115743
Tiznit Province,29.58,-9.5,67.19,26,0,4.7,MA,1604115867
Talaya,61.38,152.75,22.91,91,97,4.03,RU,1604115867
Zhezkazgan,47.8,67.71,39.33,66,1,6.96,KZ,1604115520
Bemidji,47.47,-94.88,35.6,69,1,14.99,US,1604115867
Saldanha,-33.01,17.94,50.0,76,0,6.93,ZA,1604115458
Changji,44.02,87.32,44.6,48,0,2.24,CN,1604115867
Grand Prairie,32.75,-97.0,55.4,71,1,4.88,US,1604115674
Gazojak,41.19,61.4,48.9,45,12,8.05,TM,1604115868
Mayumba,-3.43,10.66,76.03,90,100,3.6,GA,1604115535
Caibarién,22.52,-79.47,77.0,94,0,4.7,CU,1604115868
Vanimo,-2.67,141.3,85.78,61,100,5.91,PG,1604115868
Padang,-0.95,100.35,78.8,83,40,9.17,ID,1604115459
Digha,21.68,87.55,80.62,67,93,11.7,IN,1604115870
Bay Roberts,47.6,-53.26,34.0,81,100,3.0,CA,1604115677
Saint-Philippe,-21.36,55.77,69.8,52,75,10.29,RE,1604115870
Guerrero Negro,27.98,-114.06,67.35,57,15,9.17,MX,1604115870
Katsuura,35.13,140.3,64.99,51,20,6.93,JP,1604115487
Yangi Marg`ilon,40.43,71.72,42.8,33,0,6.93,UZ,1604115870
Rimouski,48.45,-68.52,30.2,63,20,13.87,CA,1604115870
Tommot,58.96,126.29,14.05,92,100,2.8,RU,1604115871
Bitung,1.45,125.18,89.6,55,20,4.7,ID,1604115871
Greeneville,36.16,-82.83,42.8,75,90,5.82,US,1604115871
Santoña,43.44,-3.46,53.6,93,0,4.81,ES,1604115871
Flinders,-34.58,150.86,63.0,87,50,1.99,AU,1604115530
Nabire,-3.37,135.48,87.04,63,51,5.55,ID,1604115872
Pombas,17.15,-25.02,77.0,73,40,35.57,CV,1604115872
Talara,-4.58,-81.27,63.21,90,85,13.87,PE,1604115872
Lincoln,40.8,-96.67,51.8,53,1,9.17,US,1604115641
Gondanglegi,-7.75,112.01,89.65,55,91,8.3,ID,1604115534
Tsiroanomandidy,-18.77,46.03,66.24,51,0,2.91,MG,1604115873
Bubaque,11.28,-15.83,83.64,75,49,9.86,GW,1604115873
Waingapu,-9.66,120.26,87.15,63,59,11.41,ID,1604115469
Fonte Boa,-2.5,-66.27,75.65,97,100,2.24,BR,1604115475
Taoudenni,22.68,-3.98,71.87,27,70,10.85,ML,1604115469
Acajutla,13.59,-89.83,72.0,94,41,5.75,SV,1604115873
Dagda,56.1,27.54,43.68,98,81,4.7,LV,1604115874
Shihezi,44.3,86.03,44.51,54,72,2.35,CN,1604115874
Charters Towers,-20.1,146.27,92.7,17,0,6.85,AU,1604115874
Labuhan,-6.88,112.21,87.82,57,80,3.11,ID,1604115874
Kendari,-3.94,122.5,92.7,46,82,3.51,ID,1604115874
Matara,5.95,80.54,84.81,66,92,7.56,LK,1604115874
Plettenberg Bay,-34.05,23.37,52.72,72,0,3.11,ZA,1604115875
Novyy Urgal,51.07,132.56,39.42,68,100,2.19,RU,1604115535
Doha,25.29,51.53,79.0,69,0,4.7,QA,1604115708
Cuamba,-14.8,36.54,69.58,75,1,1.52,MZ,1604115875
Orbetello,42.44,11.22,48.2,87,0,4.7,IT,1604115875
Orocué,4.79,-71.34,78.69,84,8,5.17,CO,1604115875
Pilar,-9.6,-35.96,75.2,94,75,2.24,BR,1604115876
Caçapava,-23.1,-45.71,62.6,93,90,5.82,BR,1604115876
Aksarka,66.56,67.8,34.48,98,100,13.53,RU,1604115876
Conceição do Araguaia,-8.26,-49.26,75.42,93,100,2.42,BR,1604115876
Anloga,5.79,0.9,78.8,88,20,3.36,GH,1604115637
Florianópolis,-27.61,-48.5,62.6,88,40,9.17,BR,1604115556
Neijiang,29.58,105.06,62.13,74,100,5.17,CN,1604115877
Belmopan,17.25,-88.77,73.99,87,42,2.1,BZ,1604115681
Coruripe,-10.13,-36.18,76.15,87,92,11.56,BR,1604115655
Soyo,-6.13,12.37,76.66,85,89,5.37,AO,1604115877
City of San Pedro,14.35,121.02,91.99,55,40,11.41,PH,1604115877
Province of Mantua,45.17,10.78,48.2,100,0,1.12,IT,1604115878
Kudahuvadhoo,2.67,72.89,82.83,71,87,6.67,MV,1604115538
Kamenka,51.32,42.77,47.46,94,100,7.36,RU,1604115454
Le Moule,16.33,-61.35,80.6,74,0,9.17,GP,1604115878
Alakurtti,66.97,30.35,24.78,97,0,1.41,RU,1604115878
Macia,-25.03,33.1,70.97,79,96,9.69,MZ,1604115878
Jiangyou,31.77,104.72,62.01,67,100,2.21,CN,1604115878
Orán,-23.13,-64.33,62.01,81,0,1.83,AR,1604115878
Soe,-9.86,124.28,89.58,34,14,7.83,ID,1604115879
Assiut,27.18,31.18,64.4,82,0,11.41,EG,1604115879
Buraidah,26.33,43.98,55.4,47,0,6.96,SA,1604115879
Petatlán,17.52,-101.27,75.16,85,67,3.69,MX,1604115879
Belyy Yar,53.6,91.39,33.8,79,75,6.71,RU,1604115879
Kiama,-34.68,150.87,64.0,90,53,5.01,AU,1604115880
Vila do Maio,15.13,-23.22,77.0,78,0,18.34,CV,1604115880
Tsumeb,-19.23,17.72,72.16,54,77,4.0,NA,1604115880
Bujoru,43.72,25.57,42.01,92,64,1.01,RO,1604115880
Siuna,13.73,-84.78,73.29,95,100,3.47,NI,1604115880
Tacuatí,-23.45,-56.58,66.49,74,28,4.0,PY,1604115880
Aguada de Cima,40.52,-8.43,53.01,91,2,3.44,PT,1604115791
Rockland,41.17,-74.05,32.0,95,26,3.89,US,1604115881
Ketchikan,55.34,-131.65,44.6,81,90,6.93,US,1604115756
Teyateyaneng,-29.15,27.75,58.59,80,95,1.74,LS,1604115881
Tonantins,-2.87,-67.8,74.66,97,100,4.09,BR,1604115881
Letka,59.6,49.42,33.85,95,100,8.39,RU,1604115621
Okhotsk,59.38,143.3,22.19,84,100,10.83,RU,1604115881
Mīzan Teferī,6.98,35.58,61.74,92,91,1.72,ET,1604115881
La Romana,18.43,-68.97,77.0,94,75,8.97,DO,1604115882
Ancud,-41.87,-73.82,50.0,76,0,6.93,CL,1604115473
Husavik,66.04,-17.34,44.6,65,75,23.04,IS,1604115479
Koygorodok,60.45,51.0,33.82,92,100,8.81,RU,1604115882
Praia,14.92,-23.51,77.0,78,0,18.34,CV,1604115882
Akureyri,65.68,-18.09,44.6,65,75,23.04,IS,1604115882
Broken Hill,-31.95,141.43,64.4,59,90,17.22,AU,1604115521
Yuci,37.68,112.73,55.4,22,0,11.18,CN,1604115883
Acapulco de Juárez,16.86,-99.89,82.4,88,90,4.7,MX,1604115883
Vestmannaeyjar,63.44,-20.27,46.54,79,67,25.19,IS,1604115548
Sistranda,63.73,8.83,44.6,93,75,4.7,NO,1604115561
Amudat,1.95,34.95,69.22,72,15,3.27,UG,1604115883
Chebenki,51.93,55.71,35.6,64,0,8.95,RU,1604115883
Praia da Vitória,38.73,-27.07,69.8,94,40,12.01,PT,1604115543
Spirit River,55.78,-118.84,24.8,85,14,9.17,CA,1604115884
Rafrāf,37.19,10.18,60.8,82,20,3.36,TN,1604115884
Yugorsk,61.31,63.33,32.72,94,100,9.48,RU,1604115884
Surgut,61.25,73.42,33.8,100,90,11.18,RU,1604115884
Batemans Bay,-35.72,150.18,61.0,100,100,1.99,AU,1604115514
Daru,-9.08,143.21,85.12,69,16,10.78,PG,1604115884
Gorodishche,48.8,44.47,50.0,87,75,8.95,RU,1604115885
Vershino-Darasunskiy,52.35,115.52,28.27,86,98,8.12,RU,1604115885
Havelock,34.88,-76.9,57.2,62,1,12.75,US,1604115686
Lakatoro,-16.1,167.42,84.2,74,90,9.17,VU,1604115885
Dunga Bunga,29.75,73.24,77.85,18,0,4.7,PK,1604115885
Nianzishan,47.52,122.88,50.0,72,97,1.99,CN,1604115885
Aksu,41.12,80.26,50.34,44,22,2.48,CN,1604115885
Catuday,16.29,119.81,83.23,74,42,8.97,PH,1604115886
Kiunga,-6.12,141.29,93.74,48,45,3.2,PG,1604115886
Lavrentiya,65.58,-171.0,20.48,89,0,10.49,RU,1604115886
Gizo Government Station,-8.1,156.84,84.34,67,75,2.75,SB,1604115886
Moose Factory,51.26,-80.61,26.6,63,90,9.17,CA,1604115886
Airai,-8.93,125.41,80.02,42,0,4.72,TL,1604115504
Qandala,11.47,49.87,80.15,62,5,8.28,SO,1604115887
Santa Maria,-29.68,-53.81,60.8,77,40,10.29,BR,1604115475
Beloha,-25.17,45.05,68.43,59,0,11.27,MG,1604115887
Washington,47.5,-120.5,44.6,52,1,12.75,US,1604115660
Bambanglipuro,-7.95,110.28,86.61,62,51,7.92,ID,1604115887
Senador José Porfírio,-2.59,-51.95,75.07,93,86,1.01,BR,1604115887
Clearwater,27.97,-82.8,70.0,63,0,5.82,US,1604115887
Emerald,-23.53,148.17,91.99,14,0,8.05,AU,1604115888
Mezen',65.85,44.24,33.24,93,35,7.29,RU,1604115545
Egvekinot,66.32,-179.17,12.6,84,41,9.08,RU,1604115568
Picayune,30.53,-89.68,48.99,92,0,4.03,US,1604115736
Tezu,27.92,96.17,84.06,39,92,2.3,IN,1604115888
Ulu-Telyak,54.91,56.97,35.08,84,100,4.61,RU,1604115888
Manicoré,-5.81,-61.3,74.86,96,92,1.32,BR,1604115889
Don Sak,9.32,99.69,90.0,66,20,5.82,TH,1604115889
Oranjemund,-28.55,16.43,55.02,85,1,14.14,NA,1604115531
Porkhov,57.77,29.56,46.4,93,75,4.47,RU,1604115889
Vardø,70.37,31.11,34.36,85,28,8.7,NO,1604115889
Buluang,13.31,123.34,85.68,70,100,10.65,PH,1604115889
Turaif,31.67,38.66,59.0,26,0,5.82,SA,1604115890
Grand Gaube,-20.01,57.66,71.01,53,0,11.01,MU,1604115524
Boa Vista,2.82,-60.67,80.6,69,40,2.24,BR,1604115694
College,64.86,-147.8,12.2,78,90,4.7,US,1604115521
Bestöbe,52.5,73.1,36.37,83,64,7.2,KZ,1604115891
Meulaboh,4.14,96.13,85.15,63,100,2.93,ID,1604115516
Haines Junction,60.75,-137.51,17.6,72,100,1.12,CA,1604115471
Lodwar,3.12,35.6,80.02,57,35,9.84,KE,1604115891
Porto Velho,-8.76,-63.9,77.0,94,40,3.31,BR,1604115748
Ust-Nera,64.57,143.2,-1.97,84,18,2.59,RU,1604115891
Richards Bay,-28.78,32.04,67.1,82,83,11.3,ZA,1604115891
Bowen,-20.02,148.23,91.4,41,0,13.87,AU,1604115891
Vanavara,60.34,102.28,11.61,94,92,5.17,RU,1604115892
Ha Tinh,18.33,105.9,73.18,92,99,3.85,VN,1604115892
Iporá,-16.44,-51.12,72.86,79,91,4.43,BR,1604115892
Chokwé,-24.53,32.98,72.63,72,93,12.53,MZ,1604115892
Isabela,6.71,121.97,87.8,74,40,5.82,PH,1604115892
Ayr,55.46,-4.63,46.4,81,40,18.34,GB,1604115892
Suwannaphum,15.6,103.8,87.01,66,40,10.29,TH,1604115892
Koumac,-20.57,164.28,82.26,61,68,7.63,NC,1604115893
Saint-Pierre,-21.34,55.48,68.0,64,40,9.17,RE,1604115465
Saint Anthony,45.02,-93.22,39.2,60,1,12.75,US,1604115893
Honningsvåg,70.98,25.97,35.47,80,13,20.29,NO,1604115893
Mossamedes,-15.2,12.15,73.13,79,74,5.75,AO,1604115893
Sharkan,57.3,53.87,35.01,93,100,6.71,RU,1604115893
Sechura,-5.56,-80.82,64.15,82,99,11.81,PE,1604115894
Ambilobe,-13.2,49.05,76.62,53,17,8.72,MG,1604115457
Cabedelo,-6.98,-34.83,78.8,83,75,5.82,BR,1604115894
Ambulu,-8.35,113.61,79.0,81,99,6.04,ID,1604115514
Wagar,16.15,36.2,78.98,48,0,4.5,SD,1604115478
Pringsewu,-5.36,104.97,92.52,49,92,2.13,ID,1604115894
Östersund,63.18,14.64,39.2,93,100,10.29,SE,1604115465
São Paulo de Olivença,-3.38,-68.87,74.19,98,100,5.5,BR,1604115894
Biasca,46.36,8.97,41.0,100,0,5.12,CH,1604115810
San Cristobal,7.77,-72.22,67.78,92,98,2.53,VE,1604115895
Boshnyakovo,49.63,142.17,41.13,67,84,6.46,RU,1604115895
Dire Dawa,9.59,41.87,70.12,59,54,3.51,ET,1604115895
Shitanjing,39.23,106.34,44.06,51,20,19.17,CN,1604115895
